,,1st week,2n week,3-d week,4-week,5-th week,,,
last edit,Request,After connect was accepted,2d Message,3 message,4 message,5 message,,,
,"Hey NAME 👋
I’m a fractional COO working with tech smart leaders
I help tech founders and CEOs who want to scale 2–5x, but feel stuck, like:
“My team can’t move without me”
“If I step away, everything will fall apart”
""My team doesn’t really use AI effectively""

Sound familiar?
Let’s connect.","Hey NAME, great to be connected 🤝

As I mentioned, I help tech founders and CEOs who want to scale 2x–5x, but feel stuck in the weeds:
team depends on them, nothing moves without them, and they are tired of stating the same thing over and over again.

Happy to share my experience on how to bring order to the chaos.
if you’re open to sharing what’s breaking down in ops right now, and what’s keeping you stuck in the day-to-day.","Hi NAME 👋
Just wanted to check-in and see how things are going.

I’ve recently wrapped up a project preparing a tech company for AI-native execution, turning formerly ad-hoc processes into standardized workflows with SOPs and playbooks, and cleaning up messy data into AI-ready foundations.

➖ SOP-First Culture: Building an organization that runs on playbooks, not memory or guesswork. 
➖ The 3rd-Time Rule: If a leader does it for the 3rd time, it becomes a procedure.
➖ AI-native ops: Growth comes from AI-native, codified execution.

Happy to help, either in a fractional COO capacity with hands-on AI implementation with my team.

Best, 
Den","Hi NAME, 👋

As I mentioned, I work with tech founders and CEOs who want to scale 2x–5x by fixing the execution layer of the business.
That usually starts with establishing a clear operating rhythm, meeting cadence, decision infrastructure, and ownership.

From there, we build an SOP-first culture, where the organization runs on playbooks and standardized workflows.
This creates the foundation for 2x–5x growth, and only at that point does AI actually make sense.

If you’re open to sharing what’s breaking down in ops right now,
we can take a look at where execution is stalling and what would actually move things forward.","Hey NAME 👋
I’m a fractional COO with a strong background in tech, SaaS, AI and cybersecurity. 

Ops isn't just about ""well-done processes and team."" 

It's about automation that de-risks your business from human dependency.
When everything relies on memory, Slack, emails, and your gut — you're scaling chaos, not a business, revenue, and your profit.

Ops and automation+AI back your time, protect your margins, and stop being you like the glue holding everything together.

Happy to help, either in a fractional COO capacity or with hands-on AI implementation with my team.

Best,
Den",,"Hi NAME 👋
Just wanted to check-in and see how things are going.

I’ve just wrapped up a project where freed up ~3 hours a day of executive operational time and redesigned execution to AI-native way of working across business development, delivery, and HR：

➖ SOP-First Culture: Building an organization that runs on playbooks, not memory or guesswork. 
➖ The 3rd-Time Rule: If a leader does it for the 3rd time, it becomes a procedure.
➖ AI-native ops: Growth comes from AI-native, codified execution.

That exactly what I would like to talk to you, and I just need about ten minutes of your time.
You can decide if it's right for you.

Best, 
Den","That's OK. Most people when listen AI-native and SOP-first culture felt the same way when I first talked to them. 
But now they've become our best clients, and. they recommend us to their friends.",
,"Hey NAME 👋  
I’m a fractional COO working with tech founders and CEOs  

I help teams implement real AI agents and automate execution,  
so it doesn’t feel like:  
“My team can’t move without me”  
“If I step away, everything falls apart”  
“My team doesn’t really use AI effectively”  ",,,,,,,,
,"Hey NAME 👋
I'm building a network of founders, operators and tech leaders across the U.S. and Canada.
The idea is simple cto onnect people who are building and scaling tech companies and create more opportunities to collaborate.

Thought it would be great to connect.",,,,,,,,
Follow-up,"Hi NAME 

We’ve spoken about operations before.

Right now I focus on designing system-centric operating models and CEO dashboards, 
so performance is driven by KPIs, not meetings.

If that’s relevant, I’d be happy to run a short working session 
and map what your dashboard should look like.",,,,,,,,
,,,,"Hi NAME
Just wanted to check in and see how things are going.

I’ve recently wrapped up a few projects for SaaS and cybersecurity businesses, where we redesigned operations in an AI-native way across business development, delivery, and HR. 

Do you know why most businesses fail with AI? 
Two things are usually missed:
1) AI doesn’t ask questions.
2) Most AI initiatives focus on SOPs and data, but miss tribal knowledge.

Happy to help, either in a fractional COO capacity or with hands-on AI implementation with my team.

Best,
Den",,,,,
,,"Hey NAME 🤝, happy to reconnect! 

As I mentioned, I help tech founders and CEOs who want to scale 2x–5x, but feel stuck in the weeds:
the team depends on them, nothing moves without them, and they’re tired of repeating the same things over and over.

One thing I keep seeing is how an AI-enabled workforce can keep the business growing even when the leader steps away.

Happy to share what that looks like in practice, if you’re open to a short conversation.",,"Hi NAME 👋
As I mentioned, I help tech founders and CEOs who want to scale 2x–5x, 
redesigning execution to AI-native way of working across business development, delivery, and HR：

➖ SOP-First Culture: Building an organization that runs on playbooks, not memory or guesswork. 
➖ The 3rd-Time Rule: If a leader does it for the 3rd time, it becomes a procedure.
➖ AI-native ops: Growth comes from AI-native, codified execution.

That exactly what I would like to talk to you, and I just need about ten minutes of your time.
You can decide if it's right for you.

Best, 
Den","Hi NAME 👋
Just wanted to check in and see how things are going.

I’ve just wrapped up a project to shift execution to an AI-native operating model across BD, delivery, and HR, which resulted in roughly a 2x productivity gain for cybersecurity SaaS company.

What’s more relevant for you right now: 
moving toward an AI-native way of working, or improving productivity?

Best,  
Den","Hi NAME
Just wanted to check-in and see how things are going.

I’ve just wrapped up a project redesigned execution to AI-native way of working across business development, delivery, and HR：

➖ SOP-First Culture: Building an organization that runs on playbooks, not memory or guesswork. 
➖ The 3rd-Time Rule: If a leader does it for the 3rd time, it becomes a procedure.
➖ AI-native ops: Growth comes from AI-native, codified execution.

Happy to help, either in a fractional COO capacity with hands-on AI implementation with my team.

Best, 
Den","Hi NAME
Just wanted to check in and see how things are going.

I’ve recently wrapped up a few projects for SaaS and cybersecurity businesses, where we redesigned operations in an AI-native way across business development, delivery, and HR. 

Do you know why most businesses fail with AI? 
Two things are usually missed:
1) AI doesn’t ask questions.
2) Most AI initiatives focus on SOPs and data, but miss tribal knowledge.

Happy to help, either in a fractional COO capacity or with hands-on AI implementation with my team.

Best,
Den","Hi NAME,
Lately I’ve been noticing a clear split among founders when it comes to AI.

Some are using AI ""playing not to lose"", speeding up emails, summarizing docs, adding small efficiencies to the same operating model.
It feels productive, but nothing fundamentally changes.

Others are using AI offensively.
They’re stepping back and asking:
“If AI is now part of how work gets done, what parts of this business should be rebuilt entirely?”

The difference between these two approaches isn’t obvious on the P&L yet.
But operationally, it’s already there: in decision speed, ownership, and how much the business still depends on the founder.

This is the space I work in.
If this way of thinking resonates, happy to compare notes.

Regards,
Den","Hi NAME,
I help tech founders build autonomous AI engines that keep their data secure.

Essentially, I take your most critical process and turn it into a self-managed, AI-native operation. It runs on its own — removing you as the bottleneck.

Right now, I’m helping a client build air-gapped AI engines for their core ops to double their productivity.

Open to comparing notes on making your operations AI-native and hands-off?"
,"Hi Name 👋, 
Great to be connected with Canadian tech leader who are scaling fast. 
I focus on turning ""tribal knowledge"" into AI-powered SOPs to eliminate operational debt and make growth more predictable. 

Would love to have you in my network.","Hi NAME, thanks for connecting! 👋 I reached out because I'm building a partner network of IT leaders across the U.S. and Canada, and I’m glad to have you in the loop.

Would you be open to a brief intro call next week to introduce ourselves and see if there are any interesting touchpoints for the future?

Best, 
D)","Hi NAME, thanks for connecting! 👋 I reached out because I'm building a partner network of IT leaders across the U.S. and Canada, and I’m glad to have you in the loop.

My primary focus is on turning ""tribal knowledge"" into a system that runs on its own:
➖ SOP-First Culture: Building a machine that runs on playbooks, not memory or guesswork.
➖ The 3rd-Time Rule: If a leader does it for the 3rd time, it becomes a procedure. No more repeating yourself — it gets codified and owned.
➖ Scale through Systems, not Headcount: Using automation with AI to ensure the next 10x comes from codified knowledge and execution, not just more people.

Would you be open to a brief intro call next week to introduce ourselves and see if there are any interesting touchpoints for the future?

Best, 
D)",,"Hi NAME 👋
Just wanted to check-in and see how things are going.

I’ve just wrapped up a project where freed up ~3 hours a day of executive operational time and redesigned execution to AI-native way of working across business development, delivery, and HR：

➖ SOP-First Culture: Building an organization that runs on playbooks, not memory or guesswork. 
➖ The 3rd-Time Rule: If a leader does it for the 3rd time, it becomes a procedure.
➖ AI-native ops: Growth comes from AI-native, codified execution.

What’s more relevant for you right now: 
moving toward an AI-native way of working, or improving productivity?

Best, 
Den",,,,"Hi NAME,
Hope you're doing well.

As I mentiioned, I help tech founders build autonomous AI engines that keep their data secure.

Essentially, I take your most critical process and turn it into a self-managed, AI-native operation. It runs on its own — removing you as the bottleneck.

Right now, I’m helping a client build air-gapped AI engines for their core ops to double their productivity.

Open to comparing notes on making your operations AI-native and hands-off?"
,"Hi NAME 👋  
I work with Canadian leaders on implementing AI into business execution,
designing playbooks and SOPs that drive revenue growth
while reducing operational overhead.

Let’s connect.",,,,,,,,
,"Hey NAME 👋  
As the CEO of Digital Gateway, I help founders scale their businesses
by building predictable execution with high-performing teams
across Marketing, Sales, Delivery, and HR,
with AI embedded to support performance at scale.

Let’s connect.","Hey NAME, great to be connected 🤝  

As mentioned, at Digital Gateway we work with founders on building predictable execution with strong teams across Marketing, Sales, Delivery, and HR, with AI embedded to support performance at scale.

We put in place an operating structure with clear ownership and repeatable execution, supported by SOPs and AI integrated into daily workflows to keep performance consistent as the company grows.

If this resonates, happy to continue the conversation.",,,,,,,
,"Hi NAME 👋 
I’m a fractional COO helping businesses build repeatable operating processes 
fix the hiring process to build smart teams that execute the right things 
and deliver the results needed for growth. 

Let’s connect.","Hi Name 👋,
Following up from our earlier conversation.

At Digital Gateway, we work with founders on redesigning execution across Marketing, Sales, Delivery, and HR, so the business can operate in a predictable way, not through heroics.

AI is part of this work, but only where it actually strengthens execution and reduces dependency on individuals, rather than adding more tools or complexity.

If this aligns with how you think about scaling, happy to continue the conversation when it makes sense.",,,,,,,
,"Hi NAME 👋
As founders, we build businesses to generate revenue even if we can’t show up
Could your business operate/transferred/exited tomorrow without you?

I build operational excellence through process engineering, creating repeatable execution with IT redesign redesigned to support that",,,,,,,,
,,"Hi NAME 👋 great to be connected

One pattern I see again and again with tech founders:

A business doesn’t stop growing because of the market.
It stops when the operating system can’t keep up with decisions.

At that point, the founder becomes the bottleneck.
Not because of control,
but because the system can’t keep up.

Tools without operating logic only accelerate chaos.
Process without the right systems hits a ceiling.
Scale only happens when both are synchronized.

Does this resonate?

That’s the work I do as a Fractional COO.
I help founders rebuild the business operating system.
So execution catches up with decisions.
And growth becomes repeatable again.

Open to a 15-minute call to quickly see
where your business if stuck right now
or where momentum is being lost?",,,,,,,
,,"Hi NAME,
I’m currently working as a Fractional COO with tech/AI companies where growth is stuck and the founder has become the main operational bottleneck.

What I do is simple but hard: I step in and remove the founder from daily fire-fighting by building structure, metrics, and a clear decision system — so the company can finally scale without burning down the team.

Your profile/company caught my attention.
Would a direct 15-minute conversation make sense?","NAME 👋,
quick follow-up here.
When founders start slipping into operational overload, they very often just don’t have the mental space to even reply — which ironically is already a signal that my message is relevant.

No pressure at all: currently, is this more of a not relevant situation — or simply a not now situation for you?","Hi NAME 👋,
one last quick note — then I’ll step back.

When I come in as a COO, founders usually start earning more—not because we “motivate the team,” but because the company finally gets an operating system instead of chaos.

That means:
➖ sales stop depending on the founder
➖ marketing spend becomes efficient and transparent
➖ hiring mistakes disappear and the talent bar rises
➖ delivery stabilizes and margins improve
➖ teams execute without escalation
➖ decisions happen faster with less noise
➖ weak processes get replaced by scalable ones
➖ and the company starts running on structure, not heroics

This is the work behind Digital Gateway OS™ — the operating system I’m building for tech companies that are scaling faster than their internal structure.

If this resonates even slightly, happy to talk.
If not, no problem — I’ll step back.",,,,,
,,,,,,,,,
,,"Thanks for connecting, NAME 🤝

As a fractional COO, my work is focused entirely on tech founders who want to scale 2-5x, but feel stuck.

My original invite listed the most common examples I see: 'the team can't move without me' or 'I'm the one doing founder-led sales'.

Since you connected, I'll assume something there resonated. To make this a valuable connection (and not just another LinkedIn number), which of those points feels most current for you?",,,,,,,
,,,,,,,,,
,"Hey NAME 👋
I’m a fractional COO with AI fluency.
I help tech founders and CEOs who want to scale 2–5x, but feel stuck, like:
“My team can’t move without me”
“If I step away, everything fall apart”
“AI didn't turn into real profit”
""I can’t figure out how to use AI""

Sound familiar?
Let’s connect","Hey NAME, great to be connected 🤝
As I mentioned — I’m a fractional COO with AI fluency, help tech founders and CEOs who want to scale 2x–5x, but feel stuck in the weeds:
team depends on them, nothing moves without them, and they are tired of stating the same thing over and over again.
And AI - it's something that needs to be used, but don't know how, where, or from what to start.

Happy to share my experience on how to bring order to the chaos and powered business by AI -
if you’re open to sharing what’s breaking down in ops right now, and what’s keeping you stuck in the day-to-day.","Hey NAME 👋
“If I step away, everything will fall apart.” “No one can do it as well as I can.” — I hear these words from founders all the time. Being a founder means wearing all the hats, and the hardest part is knowing when to finally take one off.

As a Fractional COO, my focus from day one has been to systematize and automate the repetitive work — freeing founders from day-to-day Ops so they can actually grow the business.

In my recent projects, I’ve implemented AI-driven Ops systems and built my own dedicated in-house AI team to deliver, not just advise.

We don’t about fancy services like image generation or gimmicks. We’re about scaling business with AI-driven Ops.

Would you be open to a quick chat to see if AI-driven Ops could fit your business?","Hey NAME,

I know what it’s like when everything depends on you.
You’re juggling product, team, roadmap, fundraising—while still trying to hit PMF or prep for the next round.

If it feels like you’re drowning in chaos and need a repeatable process (not just more ideas), I’ve got a system.
We’ll get clear OKRs, install a dev process that doesn’t break under pressure, and build a management rhythm that actually frees you up.

No fluff. Just structure, momentum, and clarity.

Worth a quick chat?

Best,
Den)",,,,,
,"Hi NAME 👋
I’m a fractional COO.

I help tech founders and CEOs who want to scale 2–5x, but feel stuck in a long gap between ideas and the team’s execution. 

Using AI-ops
Turning decisions into execution
Taking founders out of daily ops

Happy to share more if this resonates
Let’s connect.",,,,,,,,
2025-10-2,"Hi NAME 👋
I’m a fractional COO.
I help founders and CEOs who want to scale 2–5x, but feel stuck in a long gap between ideas and the team’s execution.

My tech team automates manual work with AI, so your ideas turn into revenue fast and your team drives itself forward.

Feel this gap too?
Let’s connect.",,,,,,,,
2025-10-14,"Hey NAME 👋
I’m with Digital Gateway — we help tech founders and CEOs who want to scale 2–5x, but feel stuck, like:
My team can’t move without me
If I step away, everything falls apart
We tried AI — it didn’t help

We build AI systems that scale team productivity and expand capacity.",,,,,,,,
2025-10-15,"Hi NAME 👋
I’ve been a fractional COO for a few years.
And see many founders feeling the pressure of this AI rush and fear of irrelevance.

That’s why I started Digital Gateway, guiding AI implementation across their business to make it practical, AI-driven, and profitable.

Let’s connect.",,,,,,,,
2025-10-17,"Hi Name👋
I’ve been a fractional COO for a few years, helping companies find their PMF and build real ops systems, lately focusing on AI.

With Digital Gateway, we build AI agents and implement AI in sales, marketing, and support, helping companies scale without growing the team.

Let’s connect","Hi Name 
Great to be connected 🤝

I thought you might find it useful to see what I specialize in. Recently, we built a system for a CMO using 7 AI agents that now handle about 90% of daily marketing tasks:

➖ Content Strategist Agent - plans campaigns and messaging.
➖ Copywriting Agent - writes posts, emails, and ad copy in brand tone.
➖ Design Agent - creates visuals and layouts.
➖ Analytics Agent - tracks performance and insights.
➖ Community Agent - engages with comments and DMs.
➖ SEO Agent - optimizes content and keywords automatically.
➖ AdOps Agent - manages ads and budget allocations.

Now the CMO simply manages the agents, instead of hiring 3–7 people for each role.

The next step for us is to expand the same approach into support, sales, and HR, and soon, even C-level agents that help with strategy and PMF decisions.

Would you like to see how this works in practice?",,,,,,,
,,,,,,,,,
,,"Hey NAME
I see you work with early-stage and growing companies, and I have real experience bringing order to businesses during times of chaos and growth. I believe I could add value as an operations partner. 

Would you be open to a short conversation to explore if this could be useful for you?

Best,
D)","Hi NAME,  
I’m reaching out very selectively, looking to build a real partnership with just one founder who’s ready for deeper, lasting results.  

Here’s a short video where I show exactly how I help turn operational chaos into sustainable growth
https://drive.google.com/file/d/1nupQfqZ9BuDcozjSo3Ig0xrR8fQXSjeC/view 

Plus a more detailed overview, if you want to explore.
https://www.canva.com/design/DAGmDQvwJrw/xJLu26shNTY9HhcKqdtljA/edit 

If you’re open, I’d love to discuss whether this kind of collaboration could be the right fit for both of us.

Best,
Den)","NAME, 
I will help figure out what the business needs to do to get PMF, set up an OKR, Software development process, and establish a management rhythm, to track progress & risks, drive accountability, and keep teams aligned to the next investment round. 

If that sounds interesting, I’d love to explore how we can collaborate.

Best,
Den)","NAME, as a fractional COO, I help investors and founders gain full transparency and control in their companies by building the right processes. With me, you always know where your money goes, how the business is progressing, and what results to expect. 
My role is to make sure you have clear updates, actionable plans, and no surprises—so your investment works for you, not against you.

Best,
Den)",,,,
,,,,,,,,,
,,,,,,,,,
,,"Hi NAME 
I see that as your company grows and you keep adding new people across different locations, there's a hidden cost — new hires take far longer to show results, and transparency gets lost. 

Founders like you get pulled into putting out fires instead of growing, and suddenly, you're not sure what's really happening in each team. 

I have real experience bringing order to businesses during times of chaos and growth. I believe I could add value as an operations partner. And you can focus on scaling, not managing chaos.

Best,
D)",,"я знаю что 2 из 3 стартапов failed на seed стадии, сжигая в воздух деньги инвесторов.
главная причина - они не могут найти Product Market Fit.
я как COO/Partner figure out what the startup needs to do to get PMF and be ready for series A. ",,,,,
,,,,,,,,,
,,"Hi NAME,

I see your company is on an exciting growth trajectory, and as you prepare for the next round of investments, it's crucial to ensure every part of your business is ready to scale. 

My expertise lies in helping companies like yours streamline operations during times of rapid expansion. I can partner with you to focus on strategic growth and enhance operational efficiency, allowing you to concentrate on scaling rather than managing day-to-day challenges.

Looking forward to discussing how we can prepare your business for the next level of success.

Regards,
Den","NAME, I appreciate your consideration of my services, and while it might not be the right fit at the moment, I'd like to invite you to a mastermind session I'm hosting. 

It's a focused discussion on optimizing operations and enhancing team structure. The topic is ""10 Steps to Get Out of Chaos and Start Scaling."" 
I'll share a system that helps founders step away from daily firefighting, establish clear roles, track results without micromanagement, and transition from chaos to momentum in just six months. 

We'll start with a 20-minute framework, then dive into your specific cases. 

I believe this could be a valuable opportunity for you. 
Looking forward to your thoughts. 

Best,
Den",,,,,,
,,,,,,,,,
,,,,,,,,,
,SMB,"Hi NAME, I help companies like yours figure out what you need to do to get zero on the right to your revenue, streamline operations, and establish an Ops system that allows founders to concentrate on scaling rather than managing day-to-day challenges
","Name, great to be connected.
I help founders step out of operations and multiply their businesses by building the structure, team, reporting, and using AI agents where it actually replaces human ops. 
Chaotic business -> into a self-scaling company. 

Is that what you're focusing on now?

Best,
D)",,,,,,
,,,,,,,,,
,,,,,,,,,
,,,,,,,,,
,,"Hey NAME,

Most founders I talk to say the same thing:
“We keep hiring but somehow I’m still doing everything myself.”
The team’s growing — but so is the chaos.

I step in when things are held together by duct tape:
－ Bring structure where it’s just Slack and good intentions
－ Set up real management rhythm — no more guessing who’s doing what
－ Cut dev costs using top LATAM talent — without killing velocity
－ Get teams truly aligned, so you’re not the only one thinking 3 steps ahead

Just helped a founder go from constant fire-fighting to shipping on time and growing 30% last quarter — with a leaner team.

If you’re in the same spot — I can share what actually worked.
No theory. Just what’s battle-tested.

Best,
Den)",,,,,,,